[{"id":"09e8f9c9-ebef-416c-add7-6443162e2128","file_name":"cabin.png","title":null,"size":36514,"type":"image/png","url":"https://assets-eu-01.kc-usercontent.com/a9b221f5-7375-01af-4d91-67a87cb4e991/16bec102-1a6e-4f14-8e7b-08d6aff2923c/cabin.png","image_width":900,"image_height":650,"file_reference":{"id":"16bec102-1a6e-4f14-8e7b-08d6aff2923c","type":"internal"},"descriptions":[{"language":{"id":"00000000-0000-0000-0000-000000000000"},"description":null}],"last_modified":"2019-06-28T14:10:22.3599379Z"},{"id":"2673b9a8-fe7b-4f0e-8a26-59d0e1ee6a0b","file_name":"game.png","title":null,"size":25896,"type":"image/png","url":"https://assets-eu-01.kc-usercontent.com/a9b221f5-7375-01af-4d91-67a87cb4e991/7da1d875-2f44-4b45-9499-18befabbdb2c/game.png","image_width":900,"image_height":650,"file_reference":{"id":"7da1d875-2f44-4b45-9499-18befabbdb2c","type":"internal"},"descriptions":[{"language":{"id":"00000000-0000-0000-0000-000000000000"},"description":null}],"last_modified":"2019-06-28T14:12:56.7947293Z"},{"id":"8c821ffd-372c-4bcc-8ae6-b019a63649e9","file_name":"safe.png","title":null,"size":19240,"type":"image/png","url":"https://assets-eu-01.kc-usercontent.com/a9b221f5-7375-01af-4d91-67a87cb4e991/4a77f0ed-e7d5-4276-a433-4c6d4956f31b/safe.png","image_width":900,"image_height":650,"file_reference":{"id":"4a77f0ed-e7d5-4276-a433-4c6d4956f31b","type":"internal"},"descriptions":[{"language":{"id":"00000000-0000-0000-0000-000000000000"},"description":null}],"last_modified":"2019-06-28T14:13:34.3716862Z"},{"id":"cea6dd82-b5c3-4bab-9f99-a89f3b7bd9a3","file_name":"submarine.png","title":null,"size":24330,"type":"image/png","url":"https://assets-eu-01.kc-usercontent.com/a9b221f5-7375-01af-4d91-67a87cb4e991/d3ecbc1e-413d-49e9-be85-2c3bcc4643df/submarine.png","image_width":900,"image_height":650,"file_reference":{"id":"d3ecbc1e-413d-49e9-be85-2c3bcc4643df","type":"internal"},"descriptions":[{"language":{"id":"00000000-0000-0000-0000-000000000000"},"description":null}],"last_modified":"2019-06-28T14:14:25.052821Z"},{"id":"d06c1261-a3dd-4ce2-8f25-950a991b3f0b","file_name":"cake.png","title":null,"size":17068,"type":"image/png","url":"https://assets-eu-01.kc-usercontent.com/a9b221f5-7375-01af-4d91-67a87cb4e991/70ae9fec-ae3f-4030-896b-01cf57c7d21d/cake.png","image_width":900,"image_height":650,"file_reference":{"id":"70ae9fec-ae3f-4030-896b-01cf57c7d21d","type":"internal"},"descriptions":[{"language":{"id":"00000000-0000-0000-0000-000000000000"},"description":null}],"last_modified":"2019-06-28T14:11:46.2993622Z"},{"id":"d7554b7b-bf91-4284-a132-113270e4cf1d","file_name":"avataaars.svg","title":null,"size":13055,"type":"image/svg+xml","url":"https://assets-eu-01.kc-usercontent.com/a9b221f5-7375-01af-4d91-67a87cb4e991/15fd18a4-b939-4691-9571-472270c982a6/avataaars.svg","image_width":null,"image_height":null,"file_reference":{"id":"15fd18a4-b939-4691-9571-472270c982a6","type":"internal"},"descriptions":[{"language":{"id":"00000000-0000-0000-0000-000000000000"},"description":null}],"last_modified":"2019-06-30T08:23:21.6496024Z"},{"id":"dc5a04eb-da3c-40f2-ae2b-580138fa5133","file_name":"circus.png","title":null,"size":27984,"type":"image/png","url":"https://assets-eu-01.kc-usercontent.com/a9b221f5-7375-01af-4d91-67a87cb4e991/b938f4eb-e3dd-4410-82dc-c0dcba8f886e/circus.png","image_width":900,"image_height":650,"file_reference":{"id":"b938f4eb-e3dd-4410-82dc-c0dcba8f886e","type":"internal"},"descriptions":[{"language":{"id":"00000000-0000-0000-0000-000000000000"},"description":null}],"last_modified":"2019-06-28T14:12:18.6268546Z"}]