[{"deliveryUrl":"https://assets-eu-01.kc-usercontent.com:443/a9b221f5-7375-01af-4d91-67a87cb4e991/b938f4eb-e3dd-4410-82dc-c0dcba8f886e/circus.png","fileName":"circus.png","id":"86477892-5ec8-4a67-b913-335a97d2d305","type":"image/png","description":null,"size":27984,"zipFilePath":"assets/864/86477892-5ec8-4a67-b913-335a97d2d305/circus.png","title":"circus.png"},{"deliveryUrl":"https://assets-eu-01.kc-usercontent.com:443/a9b221f5-7375-01af-4d91-67a87cb4e991/7da1d875-2f44-4b45-9499-18befabbdb2c/game.png","fileName":"game.png","id":"e9162ed5-c0d4-4659-9118-ce8826110790","type":"image/png","description":null,"size":25896,"zipFilePath":"assets/e91/e9162ed5-c0d4-4659-9118-ce8826110790/game.png","title":"game.png"},{"deliveryUrl":"https://assets-eu-01.kc-usercontent.com:443/a9b221f5-7375-01af-4d91-67a87cb4e991/15fd18a4-b939-4691-9571-472270c982a6/avataaars.svg","fileName":"avataaars.svg","id":"a27878af-2367-4c03-b592-a52c64f1e2df","type":"image/svg+xml","description":null,"size":13055,"zipFilePath":"assets/a27/a27878af-2367-4c03-b592-a52c64f1e2df/avataaars.svg","title":"avataaars.svg"},{"deliveryUrl":"https://assets-eu-01.kc-usercontent.com:443/a9b221f5-7375-01af-4d91-67a87cb4e991/16bec102-1a6e-4f14-8e7b-08d6aff2923c/cabin.png","fileName":"cabin.png","id":"1c2fe45f-7ec0-486f-bb01-84b6243171c4","type":"image/png","description":null,"size":36514,"zipFilePath":"assets/1c2/1c2fe45f-7ec0-486f-bb01-84b6243171c4/cabin.png","title":"cabin.png"},{"deliveryUrl":"https://assets-eu-01.kc-usercontent.com:443/a9b221f5-7375-01af-4d91-67a87cb4e991/70ae9fec-ae3f-4030-896b-01cf57c7d21d/cake.png","fileName":"cake.png","id":"e4e1ab75-56fe-4db9-844c-68685cceb88a","type":"image/png","description":null,"size":17068,"zipFilePath":"assets/e4e/e4e1ab75-56fe-4db9-844c-68685cceb88a/cake.png","title":"cake.png"},{"deliveryUrl":"https://assets-eu-01.kc-usercontent.com:443/a9b221f5-7375-01af-4d91-67a87cb4e991/4a77f0ed-e7d5-4276-a433-4c6d4956f31b/safe.png","fileName":"safe.png","id":"241179b5-efd3-414c-8145-1301cf7eb773","type":"image/png","description":null,"size":19240,"zipFilePath":"assets/241/241179b5-efd3-414c-8145-1301cf7eb773/safe.png","title":"safe.png"},{"deliveryUrl":"https://assets-eu-01.kc-usercontent.com:443/a9b221f5-7375-01af-4d91-67a87cb4e991/d3ecbc1e-413d-49e9-be85-2c3bcc4643df/submarine.png","fileName":"submarine.png","id":"21c5770f-d0cb-42dc-9db0-0f6eeb42b652","type":"image/png","description":null,"size":24330,"zipFilePath":"assets/21c/21c5770f-d0cb-42dc-9db0-0f6eeb42b652/submarine.png","title":"submarine.png"}]