[{"id":"cb9ec022-f1de-4a45-9e87-ba6d0b3db06f","codename":"navigation_item","last_modified":"2019-06-28T17:55:33.8334123Z","name":"Navigation Item","content_groups":[],"elements":[{"maximum_text_length":null,"name":"Title","guidelines":null,"is_required":false,"type":"text","id":"62b39c88-af2a-4309-84d3-9d6507e6a781","codename":"title"}]},{"id":"51fd55cd-9fbf-4bf2-9d1d-7f3584f52804","codename":"home","last_modified":"2019-06-30T09:10:33.668615Z","name":"Home","content_groups":[{"id":"00000000-0000-0000-0000-000000000000","name":"Header","codename":"header"},{"id":"579298c5-1a67-4f40-bea6-b89e9ff353dc","name":"Portfolio","codename":"portfolio"},{"id":"4ad8003a-de43-4689-a298-1aded0e8573d","name":"About","codename":"about"},{"id":"ff11a30d-b7cb-4dec-82cb-7a8f1676df2a","name":"Contact","codename":"contact"},{"id":"80e4d9b1-80f6-4a46-b4a5-02be5aeab5da","name":"Footer","codename":"footer"}],"elements":[{"maximum_text_length":null,"name":"Site Title","guidelines":null,"is_required":false,"type":"text","id":"654be0e2-130d-44ac-8324-c4cbaf86693d","codename":"site_title","content_group":{"id":"00000000-0000-0000-0000-000000000000"}},{"asset_count_limit":null,"maximum_file_size":null,"allowed_file_types":"any","image_width_limit":null,"image_height_limit":null,"name":"Avatar","guidelines":null,"is_required":false,"type":"asset","id":"e2fdb298-84c4-4445-bc71-b12a7dee3bcc","codename":"avatar","content_group":{"id":"00000000-0000-0000-0000-000000000000"}},{"item_count_limit":null,"allowed_content_types":[{"id":"cb9ec022-f1de-4a45-9e87-ba6d0b3db06f"}],"name":"Navigation","guidelines":null,"is_required":false,"type":"modular_content","id":"745dc869-09af-49aa-84e2-b323ea14a5c1","codename":"navigation","content_group":{"id":"00000000-0000-0000-0000-000000000000"}},{"maximum_text_length":null,"name":"Header Subtitle","guidelines":null,"is_required":false,"type":"text","id":"f52cb5d7-3f39-4d67-b34c-e88b1e44128d","codename":"header_subtitle","content_group":{"id":"00000000-0000-0000-0000-000000000000"}},{"maximum_text_length":null,"name":"Site Copyright Note","guidelines":null,"is_required":false,"type":"text","id":"923494ec-c6a6-4f23-b68f-e70fb2af9e52","codename":"site_copyright_note","content_group":{"id":"00000000-0000-0000-0000-000000000000"}},{"maximum_text_length":null,"name":"Portfolio Title","guidelines":null,"is_required":false,"type":"text","id":"b88b8987-6c6e-4e5c-b590-4667f6c4db1b","codename":"portfolio_title","content_group":{"id":"579298c5-1a67-4f40-bea6-b89e9ff353dc"}},{"item_count_limit":null,"allowed_content_types":[{"id":"2b5ccd92-901d-47b9-a175-246532abdb83"}],"name":"Portfolio Items","guidelines":null,"is_required":false,"type":"modular_content","id":"7919238d-0472-4b5d-829e-e14401d04006","codename":"portfolio_items","content_group":{"id":"579298c5-1a67-4f40-bea6-b89e9ff353dc"}},{"maximum_text_length":null,"name":"About Title","guidelines":null,"is_required":false,"type":"text","id":"adb33bc7-fb9e-4e6a-8fb6-1eb3b52bf5a1","codename":"about_title","content_group":{"id":"4ad8003a-de43-4689-a298-1aded0e8573d"}},{"maximum_text_length":null,"name":"About Left Column","guidelines":null,"is_required":false,"type":"text","id":"1be32641-5544-4376-bc06-d5f6222483e9","codename":"about_left_column","content_group":{"id":"4ad8003a-de43-4689-a298-1aded0e8573d"}},{"maximum_text_length":null,"name":"About Right Column","guidelines":null,"is_required":false,"type":"text","id":"da9a01e6-76f7-4eaa-b1e7-e634a4a262d3","codename":"about_right_column","content_group":{"id":"4ad8003a-de43-4689-a298-1aded0e8573d"}},{"item_count_limit":{"value":1,"condition":"exactly"},"allowed_content_types":[{"id":"73be15b5-899d-4208-a16e-17ec5b8c99ee"}],"name":"About Button","guidelines":null,"is_required":false,"type":"modular_content","id":"b1862021-6624-4b41-b568-67e6f696aee1","codename":"about_button","content_group":{"id":"4ad8003a-de43-4689-a298-1aded0e8573d"}},{"maximum_text_length":null,"name":"Contact Title","guidelines":null,"is_required":false,"type":"text","id":"0f1f1c55-90c6-4284-b430-aa87830798cb","codename":"contact_title","content_group":{"id":"ff11a30d-b7cb-4dec-82cb-7a8f1676df2a"}},{"maximum_text_length":null,"name":"Contact Button text","guidelines":null,"is_required":false,"type":"text","id":"4ad1e245-d97b-41bc-b9e9-08dfe10fa83d","codename":"contact_button_text","content_group":{"id":"ff11a30d-b7cb-4dec-82cb-7a8f1676df2a"}},{"maximum_text_length":null,"name":"Footer Left Column Title","guidelines":null,"is_required":false,"type":"text","id":"d6c3e56e-c3e6-42c1-84d3-ef91c4e3c820","codename":"footer_left_column_title","content_group":{"id":"80e4d9b1-80f6-4a46-b4a5-02be5aeab5da"}},{"maximum_text_length":null,"maximum_image_size":null,"allowed_content_types":[],"image_width_limit":null,"image_height_limit":null,"allowed_image_types":"any","allowed_blocks":[],"allowed_formatting":[],"allowed_text_blocks":[],"allowed_table_blocks":["text"],"allowed_table_formatting":[],"allowed_table_text_blocks":["paragraph"],"name":"Footer Left Column Text","guidelines":null,"is_required":false,"type":"rich_text","id":"ba7f70cb-4d51-4f78-bbab-8fe15fa05b85","codename":"footer_left_column_text","content_group":{"id":"80e4d9b1-80f6-4a46-b4a5-02be5aeab5da"}},{"maximum_text_length":null,"name":"Footer Middle Column Title","guidelines":null,"is_required":false,"type":"text","id":"36da8b51-36f1-4fae-a40c-a9bd3a9b79eb","codename":"footer_middle_column_title","content_group":{"id":"80e4d9b1-80f6-4a46-b4a5-02be5aeab5da"}},{"item_count_limit":{"value":8,"condition":"at_most"},"allowed_content_types":[{"id":"73be15b5-899d-4208-a16e-17ec5b8c99ee"}],"name":"Footer Middle Column Links","guidelines":null,"is_required":false,"type":"modular_content","id":"c19de423-118f-4fdb-b378-628aeba8e8b6","codename":"footer_middle_column_links","content_group":{"id":"80e4d9b1-80f6-4a46-b4a5-02be5aeab5da"}},{"maximum_text_length":null,"name":"Footer Right Column Title","guidelines":null,"is_required":false,"type":"text","id":"1dec50ca-e153-4ee4-91df-f809fd8f8599","codename":"footer_right_column_title","content_group":{"id":"80e4d9b1-80f6-4a46-b4a5-02be5aeab5da"}},{"maximum_text_length":null,"maximum_image_size":null,"allowed_content_types":[],"image_width_limit":null,"image_height_limit":null,"allowed_image_types":"any","allowed_blocks":[],"allowed_formatting":[],"allowed_text_blocks":[],"allowed_table_blocks":["text"],"allowed_table_formatting":[],"allowed_table_text_blocks":["paragraph"],"name":"Footer Right Column Text","guidelines":null,"is_required":false,"type":"rich_text","id":"3691bd2b-ddcc-465a-b945-44d3bd4cb0b6","codename":"footer_right_column_text","content_group":{"id":"80e4d9b1-80f6-4a46-b4a5-02be5aeab5da"}}]},{"id":"2b5ccd92-901d-47b9-a175-246532abdb83","codename":"portfolio_item","last_modified":"2019-06-28T14:09:48.1309469Z","name":"Portfolio Item","content_groups":[{"id":"00000000-0000-0000-0000-000000000000","name":"Shared","codename":"shared"},{"id":"b607d47c-b1dc-47ee-bce6-672aaa3bba72","name":"Modal","codename":"modal"}],"elements":[{"asset_count_limit":null,"maximum_file_size":null,"allowed_file_types":"any","image_width_limit":null,"image_height_limit":null,"name":"Image","guidelines":null,"is_required":false,"type":"asset","id":"2d7a3edb-7ae0-4499-8c1d-5240823bc723","codename":"image","content_group":{"id":"00000000-0000-0000-0000-000000000000"}},{"maximum_text_length":null,"name":"Title","guidelines":null,"is_required":false,"type":"text","id":"d9dddb6c-5ff9-4bc0-8ac5-a1604303be8b","codename":"title","content_group":{"id":"b607d47c-b1dc-47ee-bce6-672aaa3bba72"}},{"maximum_text_length":null,"maximum_image_size":null,"allowed_content_types":[],"image_width_limit":null,"image_height_limit":null,"allowed_image_types":"any","allowed_blocks":[],"allowed_formatting":[],"allowed_text_blocks":[],"allowed_table_blocks":["text"],"allowed_table_formatting":[],"allowed_table_text_blocks":["paragraph"],"name":"Text","guidelines":null,"is_required":false,"type":"rich_text","id":"d2f88d29-274f-4e4e-94a2-855e21776d36","codename":"text","content_group":{"id":"b607d47c-b1dc-47ee-bce6-672aaa3bba72"}}]},{"id":"73be15b5-899d-4208-a16e-17ec5b8c99ee","codename":"font_awesome_link","last_modified":"2019-06-30T09:09:31.9715468Z","name":"Font Awesome Link","content_groups":[],"elements":[{"maximum_text_length":null,"name":"FA Codename","guidelines":"fa-facebook...","is_required":false,"type":"text","id":"6bb04cd9-fe52-4afd-8f4b-f02d3ecc3fa8","codename":"fa_codename"},{"maximum_text_length":null,"name":"URL","guidelines":null,"is_required":false,"type":"text","id":"ae6edd7d-d974-4c11-8c23-afc7eaaaa968","codename":"url"},{"maximum_text_length":null,"name":"Text","guidelines":null,"is_required":false,"type":"text","id":"eea59217-9827-4d43-b78a-3b89ffdd1358","codename":"text"}]}]