[{"id":"a3d52422-9b95-47de-b322-ce2379a5861f","name":"Log Cabin","codename":"log_cabin","type":{"id":"2b5ccd92-901d-47b9-a175-246532abdb83"},"sitemap_locations":[],"last_modified":"2019-06-28T14:11:03.39038Z"},{"id":"d2ca66f3-ae80-430a-a536-d1c4ecb555c4","name":"Tasty Cake","codename":"tasty_cake","type":{"id":"2b5ccd92-901d-47b9-a175-246532abdb83"},"sitemap_locations":[],"last_modified":"2019-06-28T14:11:26.807605Z"},{"id":"683f2b9b-ee0f-4736-b5c5-ce86abccf355","name":"Circus Tent","codename":"circus_tent","type":{"id":"2b5ccd92-901d-47b9-a175-246532abdb83"},"sitemap_locations":[],"last_modified":"2019-06-28T14:12:10.797308Z"},{"id":"772ff7dd-d108-4784-9dc0-fce35853e1e6","name":"Controller","codename":"controller","type":{"id":"2b5ccd92-901d-47b9-a175-246532abdb83"},"sitemap_locations":[],"last_modified":"2019-06-28T14:12:47.7315634Z"},{"id":"f483eaec-120d-43c6-9544-985b816918d0","name":"Locked Safe","codename":"locked_safe","type":{"id":"2b5ccd92-901d-47b9-a175-246532abdb83"},"sitemap_locations":[],"last_modified":"2019-06-28T14:13:38.5436214Z"},{"id":"424b5e9f-3a14-42d5-a2b9-c78fc47d472d","name":"Submarine","codename":"submarine","type":{"id":"2b5ccd92-901d-47b9-a175-246532abdb83"},"sitemap_locations":[],"last_modified":"2019-06-28T14:14:29.9713788Z"},{"id":"ba62a8d7-62e5-4924-bee2-f4ccdf5b7757","name":"Portfolio","codename":"portfolio","type":{"id":"cb9ec022-f1de-4a45-9e87-ba6d0b3db06f"},"sitemap_locations":[],"last_modified":"2019-06-28T17:55:56.0088363Z"},{"id":"3d91448c-dd5d-4272-a948-24fa557fd250","name":"About","codename":"about","type":{"id":"cb9ec022-f1de-4a45-9e87-ba6d0b3db06f"},"sitemap_locations":[],"last_modified":"2019-06-28T17:56:20.8336803Z"},{"id":"40581c7d-2bbc-4ac0-a58d-93bb908292b1","name":"Contact","codename":"contact","type":{"id":"cb9ec022-f1de-4a45-9e87-ba6d0b3db06f"},"sitemap_locations":[],"last_modified":"2019-06-28T17:56:32.6793463Z"},{"id":"c632f2f7-8c0a-4d09-a3c0-cb0d7b05090b","name":"Facebook","codename":"facebook","type":{"id":"73be15b5-899d-4208-a16e-17ec5b8c99ee"},"sitemap_locations":[],"last_modified":"2019-06-28T18:10:50.0583295Z"},{"id":"641fc571-a83b-48f2-a565-4ff578495fcb","name":"Twitter","codename":"twitter","type":{"id":"73be15b5-899d-4208-a16e-17ec5b8c99ee"},"sitemap_locations":[],"last_modified":"2019-06-28T18:11:43.3596772Z"},{"id":"e5520d73-c11e-402c-995f-7c0f3ded56e4","name":"LinkedIn","codename":"linkedin","type":{"id":"73be15b5-899d-4208-a16e-17ec5b8c99ee"},"sitemap_locations":[],"last_modified":"2019-06-28T18:12:23.3701477Z"},{"id":"507cb659-1b48-45d0-8ebb-7462767799e2","name":"Web","codename":"web","type":{"id":"73be15b5-899d-4208-a16e-17ec5b8c99ee"},"sitemap_locations":[],"last_modified":"2019-06-28T18:13:06.4514813Z"},{"id":"69ff55b1-d30e-49e4-a2d7-bc10d454e627","name":"Home","codename":"home","type":{"id":"51fd55cd-9fbf-4bf2-9d1d-7f3584f52804"},"sitemap_locations":[],"last_modified":"2019-06-28T18:24:32.2421374Z"},{"id":"47e6983a-c796-4416-9b61-7d838885471a","name":"Free Download","codename":"free_download","type":{"id":"73be15b5-899d-4208-a16e-17ec5b8c99ee"},"sitemap_locations":[],"last_modified":"2019-06-30T09:11:50.0308247Z"}]