[{"elements":[{"options":[],"codename":"fa_codename","name":"FA Codename","type":"text"},{"options":[],"codename":"url","name":"URL","type":"text"},{"options":[],"codename":"text","name":"Text","type":"text"}],"system":{"codename":"font_awesome_link","id":"73be15b5-899d-4208-a16e-17ec5b8c99ee","name":"Font Awesome Link"}},{"elements":[{"options":[],"codename":"contact_title","name":"Contact Title","type":"text"},{"options":[],"codename":"about_left_column","name":"About Left Column","type":"text"},{"options":[],"codename":"footer_right_column_title","name":"Footer Right Column Title","type":"text"},{"options":[],"codename":"footer_right_column_text","name":"Footer Right Column Text","type":"rich_text"},{"options":[],"codename":"footer_middle_column_title","name":"Footer Middle Column Title","type":"text"},{"options":[],"codename":"contact_button_text","name":"Contact Button text","type":"text"},{"options":[],"codename":"site_title","name":"Site Title","type":"text"},{"options":[],"codename":"navigation","name":"Navigation","type":"modular_content"},{"options":[],"codename":"portfolio_items","name":"Portfolio Items","type":"modular_content"},{"options":[],"codename":"site_copyright_note","name":"Site Copyright Note","type":"text"},{"options":[],"codename":"about_title","name":"About Title","type":"text"},{"options":[],"codename":"about_button","name":"About Button","type":"modular_content"},{"options":[],"codename":"portfolio_title","name":"Portfolio Title","type":"text"},{"options":[],"codename":"footer_left_column_text","name":"Footer Left Column Text","type":"rich_text"},{"options":[],"codename":"footer_middle_column_links","name":"Footer Middle Column Links","type":"modular_content"},{"options":[],"codename":"footer_left_column_title","name":"Footer Left Column Title","type":"text"},{"options":[],"codename":"about_right_column","name":"About Right Column","type":"text"},{"options":[],"codename":"avatar","name":"Avatar","type":"asset"},{"options":[],"codename":"header_subtitle","name":"Header Subtitle","type":"text"}],"system":{"codename":"home","id":"51fd55cd-9fbf-4bf2-9d1d-7f3584f52804","name":"Home"}},{"elements":[{"options":[],"codename":"title","name":"Title","type":"text"}],"system":{"codename":"navigation_item","id":"cb9ec022-f1de-4a45-9e87-ba6d0b3db06f","name":"Navigation Item"}},{"elements":[{"options":[],"codename":"image","name":"Image","type":"asset"},{"options":[],"codename":"text","name":"Text","type":"rich_text"},{"options":[],"codename":"title","name":"Title","type":"text"}],"system":{"codename":"portfolio_item","id":"2b5ccd92-901d-47b9-a175-246532abdb83","name":"Portfolio Item"}}]