[{"codename":"about","id":"3d91448c-dd5d-4272-a948-24fa557fd250","name":"About","typeCodename":"navigation_item"},{"codename":"circus_tent","id":"683f2b9b-ee0f-4736-b5c5-ce86abccf355","name":"Circus Tent","typeCodename":"portfolio_item"},{"codename":"contact","id":"40581c7d-2bbc-4ac0-a58d-93bb908292b1","name":"Contact","typeCodename":"navigation_item"},{"codename":"controller","id":"772ff7dd-d108-4784-9dc0-fce35853e1e6","name":"Controller","typeCodename":"portfolio_item"},{"codename":"facebook","id":"c632f2f7-8c0a-4d09-a3c0-cb0d7b05090b","name":"Facebook","typeCodename":"font_awesome_link"},{"codename":"free_download","id":"47e6983a-c796-4416-9b61-7d838885471a","name":"Free Download","typeCodename":"font_awesome_link"},{"codename":"home","id":"69ff55b1-d30e-49e4-a2d7-bc10d454e627","name":"Home","typeCodename":"home"},{"codename":"portfolio","id":"ba62a8d7-62e5-4924-bee2-f4ccdf5b7757","name":"Portfolio","typeCodename":"navigation_item"},{"codename":"log_cabin","id":"a3d52422-9b95-47de-b322-ce2379a5861f","name":"Log Cabin","typeCodename":"portfolio_item"},{"codename":"tasty_cake","id":"d2ca66f3-ae80-430a-a536-d1c4ecb555c4","name":"Tasty Cake","typeCodename":"portfolio_item"},{"codename":"locked_safe","id":"f483eaec-120d-43c6-9544-985b816918d0","name":"Locked Safe","typeCodename":"portfolio_item"},{"codename":"submarine","id":"424b5e9f-3a14-42d5-a2b9-c78fc47d472d","name":"Submarine","typeCodename":"portfolio_item"},{"codename":"twitter","id":"641fc571-a83b-48f2-a565-4ff578495fcb","name":"Twitter","typeCodename":"font_awesome_link"},{"codename":"linkedin","id":"e5520d73-c11e-402c-995f-7c0f3ded56e4","name":"LinkedIn","typeCodename":"font_awesome_link"},{"codename":"web","id":"507cb659-1b48-45d0-8ebb-7462767799e2","name":"Web","typeCodename":"font_awesome_link"}]