[{"elements":[{"element":{"id":"62b39c88-af2a-4309-84d3-9d6507e6a781"},"value":"Portfolio"}],"workflow_step":{"id":"c199950d-99f0-4983-b711-6c4c91624b22"},"item":{"id":"ba62a8d7-62e5-4924-bee2-f4ccdf5b7757"},"language":{"id":"00000000-0000-0000-0000-000000000000"},"last_modified":"2019-06-28T17:56:10.4164866Z"},{"elements":[{"element":{"id":"62b39c88-af2a-4309-84d3-9d6507e6a781"},"value":"About"}],"workflow_step":{"id":"c199950d-99f0-4983-b711-6c4c91624b22"},"item":{"id":"3d91448c-dd5d-4272-a948-24fa557fd250"},"language":{"id":"00000000-0000-0000-0000-000000000000"},"last_modified":"2019-06-28T17:56:24.083734Z"},{"elements":[{"element":{"id":"62b39c88-af2a-4309-84d3-9d6507e6a781"},"value":"Contact"}],"workflow_step":{"id":"c199950d-99f0-4983-b711-6c4c91624b22"},"item":{"id":"40581c7d-2bbc-4ac0-a58d-93bb908292b1"},"language":{"id":"00000000-0000-0000-0000-000000000000"},"last_modified":"2019-06-28T17:56:35.0736256Z"},{"elements":[{"element":{"id":"654be0e2-130d-44ac-8324-c4cbaf86693d"},"value":"Start Bootstrap"},{"element":{"id":"e2fdb298-84c4-4445-bc71-b12a7dee3bcc"},"value":[{"id":"d7554b7b-bf91-4284-a132-113270e4cf1d"}]},{"element":{"id":"745dc869-09af-49aa-84e2-b323ea14a5c1"},"value":[{"id":"ba62a8d7-62e5-4924-bee2-f4ccdf5b7757"},{"id":"3d91448c-dd5d-4272-a948-24fa557fd250"},{"id":"40581c7d-2bbc-4ac0-a58d-93bb908292b1"}]},{"element":{"id":"f52cb5d7-3f39-4d67-b34c-e88b1e44128d"},"value":"Graphic Artist - Web Designer - Illustrator"},{"element":{"id":"923494ec-c6a6-4f23-b68f-e70fb2af9e52"},"value":"Copyright © Your Website 2019"},{"element":{"id":"b88b8987-6c6e-4e5c-b590-4667f6c4db1b"},"value":"Portfolio"},{"element":{"id":"7919238d-0472-4b5d-829e-e14401d04006"},"value":[{"id":"a3d52422-9b95-47de-b322-ce2379a5861f"},{"id":"d2ca66f3-ae80-430a-a536-d1c4ecb555c4"},{"id":"683f2b9b-ee0f-4736-b5c5-ce86abccf355"},{"id":"772ff7dd-d108-4784-9dc0-fce35853e1e6"},{"id":"f483eaec-120d-43c6-9544-985b816918d0"},{"id":"424b5e9f-3a14-42d5-a2b9-c78fc47d472d"}]},{"element":{"id":"adb33bc7-fb9e-4e6a-8fb6-1eb3b52bf5a1"},"value":"About"},{"element":{"id":"1be32641-5544-4376-bc06-d5f6222483e9"},"value":"Freelancer is a free bootstrap theme created by Start Bootstrap. The download includes the complete source files including HTML, CSS, and JavaScript as well as optional SASS stylesheets for easy customization."},{"element":{"id":"da9a01e6-76f7-4eaa-b1e7-e634a4a262d3"},"value":"You can create your own custom avatar for the masthead, change the icon in the dividers, and add your email address to the contact form to make it fully functional!"},{"element":{"id":"b1862021-6624-4b41-b568-67e6f696aee1"},"value":[{"id":"47e6983a-c796-4416-9b61-7d838885471a"}]},{"element":{"id":"0f1f1c55-90c6-4284-b430-aa87830798cb"},"value":"Contact Me"},{"element":{"id":"4ad1e245-d97b-41bc-b9e9-08dfe10fa83d"},"value":"Send"},{"element":{"id":"d6c3e56e-c3e6-42c1-84d3-ef91c4e3c820"},"value":"Location"},{"components":[],"element":{"id":"ba7f70cb-4d51-4f78-bbab-8fe15fa05b85"},"value":"<p>2215 John Daniel Drive&nbsp;</p>\n<p>Clark, MO 65243</p>"},{"element":{"id":"36da8b51-36f1-4fae-a40c-a9bd3a9b79eb"},"value":"Around the Web"},{"element":{"id":"c19de423-118f-4fdb-b378-628aeba8e8b6"},"value":[{"id":"c632f2f7-8c0a-4d09-a3c0-cb0d7b05090b"},{"id":"641fc571-a83b-48f2-a565-4ff578495fcb"},{"id":"e5520d73-c11e-402c-995f-7c0f3ded56e4"},{"id":"507cb659-1b48-45d0-8ebb-7462767799e2"}]},{"element":{"id":"1dec50ca-e153-4ee4-91df-f809fd8f8599"},"value":"About Freelancer"},{"components":[],"element":{"id":"3691bd2b-ddcc-465a-b945-44d3bd4cb0b6"},"value":"<p>Freelance is a free to use, MIT licensed Bootstrap theme created by&nbsp;<a href=\"http://startbootstrap.com/\">Start Bootstrap</a>.</p>"}],"workflow_step":{"id":"c199950d-99f0-4983-b711-6c4c91624b22"},"item":{"id":"69ff55b1-d30e-49e4-a2d7-bc10d454e627"},"language":{"id":"00000000-0000-0000-0000-000000000000"},"last_modified":"2019-06-30T09:10:50.0643985Z"},{"elements":[{"element":{"id":"2d7a3edb-7ae0-4499-8c1d-5240823bc723"},"value":[{"id":"09e8f9c9-ebef-416c-add7-6443162e2128"}]},{"element":{"id":"d9dddb6c-5ff9-4bc0-8ac5-a1604303be8b"},"value":"Log Cabin"},{"components":[],"element":{"id":"d2f88d29-274f-4e4e-94a2-855e21776d36"},"value":"<p>Lorem ipsum dolor sit amet, consectetur adipisicing elit. Mollitia neque assumenda ipsam nihil, molestias magnam, recusandae quos quis inventore quisquam velit asperiores, vitae? Reprehenderit soluta, eos quod consequuntur itaque. Nam.</p>"}],"workflow_step":{"id":"c199950d-99f0-4983-b711-6c4c91624b22"},"item":{"id":"a3d52422-9b95-47de-b322-ce2379a5861f"},"language":{"id":"00000000-0000-0000-0000-000000000000"},"last_modified":"2019-06-28T14:10:54.7808292Z"},{"elements":[{"element":{"id":"2d7a3edb-7ae0-4499-8c1d-5240823bc723"},"value":[{"id":"d06c1261-a3dd-4ce2-8f25-950a991b3f0b"}]},{"element":{"id":"d9dddb6c-5ff9-4bc0-8ac5-a1604303be8b"},"value":"Tasty Cake"},{"components":[],"element":{"id":"d2f88d29-274f-4e4e-94a2-855e21776d36"},"value":"<p>Lorem ipsum dolor sit amet, consectetur adipisicing elit. Mollitia neque assumenda ipsam nihil, molestias magnam, recusandae quos quis inventore quisquam velit asperiores, vitae? Reprehenderit soluta, eos quod consequuntur itaque. Nam.</p>"}],"workflow_step":{"id":"c199950d-99f0-4983-b711-6c4c91624b22"},"item":{"id":"d2ca66f3-ae80-430a-a536-d1c4ecb555c4"},"language":{"id":"00000000-0000-0000-0000-000000000000"},"last_modified":"2019-06-28T14:11:49.6859945Z"},{"elements":[{"element":{"id":"2d7a3edb-7ae0-4499-8c1d-5240823bc723"},"value":[{"id":"dc5a04eb-da3c-40f2-ae2b-580138fa5133"}]},{"element":{"id":"d9dddb6c-5ff9-4bc0-8ac5-a1604303be8b"},"value":"Circus Tent"},{"components":[],"element":{"id":"d2f88d29-274f-4e4e-94a2-855e21776d36"},"value":"<p>Lorem ipsum dolor sit amet, consectetur adipisicing elit. Mollitia neque assumenda ipsam nihil, molestias magnam, recusandae quos quis inventore quisquam velit asperiores, vitae? Reprehenderit soluta, eos quod consequuntur itaque. Nam.</p>"}],"workflow_step":{"id":"c199950d-99f0-4983-b711-6c4c91624b22"},"item":{"id":"683f2b9b-ee0f-4736-b5c5-ce86abccf355"},"language":{"id":"00000000-0000-0000-0000-000000000000"},"last_modified":"2019-06-28T14:12:31.6103052Z"},{"elements":[{"element":{"id":"2d7a3edb-7ae0-4499-8c1d-5240823bc723"},"value":[{"id":"2673b9a8-fe7b-4f0e-8a26-59d0e1ee6a0b"}]},{"element":{"id":"d9dddb6c-5ff9-4bc0-8ac5-a1604303be8b"},"value":"Controller"},{"components":[],"element":{"id":"d2f88d29-274f-4e4e-94a2-855e21776d36"},"value":"<p>Lorem ipsum dolor sit amet, consectetur adipisicing elit. Mollitia neque assumenda ipsam nihil, molestias magnam, recusandae quos quis inventore quisquam velit asperiores, vitae? Reprehenderit soluta, eos quod consequuntur itaque. Nam.</p>"}],"workflow_step":{"id":"c199950d-99f0-4983-b711-6c4c91624b22"},"item":{"id":"772ff7dd-d108-4784-9dc0-fce35853e1e6"},"language":{"id":"00000000-0000-0000-0000-000000000000"},"last_modified":"2019-06-28T14:13:13.2303853Z"},{"elements":[{"element":{"id":"2d7a3edb-7ae0-4499-8c1d-5240823bc723"},"value":[{"id":"8c821ffd-372c-4bcc-8ae6-b019a63649e9"}]},{"element":{"id":"d9dddb6c-5ff9-4bc0-8ac5-a1604303be8b"},"value":"Locked Safe"},{"components":[],"element":{"id":"d2f88d29-274f-4e4e-94a2-855e21776d36"},"value":"<p>Lorem ipsum dolor sit amet, consectetur adipisicing elit. Mollitia neque assumenda ipsam nihil, molestias magnam, recusandae quos quis inventore quisquam velit asperiores, vitae? Reprehenderit soluta, eos quod consequuntur itaque. Nam.</p>"}],"workflow_step":{"id":"c199950d-99f0-4983-b711-6c4c91624b22"},"item":{"id":"f483eaec-120d-43c6-9544-985b816918d0"},"language":{"id":"00000000-0000-0000-0000-000000000000"},"last_modified":"2019-06-28T14:13:52.8358353Z"},{"elements":[{"element":{"id":"2d7a3edb-7ae0-4499-8c1d-5240823bc723"},"value":[{"id":"cea6dd82-b5c3-4bab-9f99-a89f3b7bd9a3"}]},{"element":{"id":"d9dddb6c-5ff9-4bc0-8ac5-a1604303be8b"},"value":"Submarine"},{"components":[],"element":{"id":"d2f88d29-274f-4e4e-94a2-855e21776d36"},"value":"<p>Lorem ipsum dolor sit amet, consectetur adipisicing elit. Mollitia neque assumenda ipsam nihil, molestias magnam, recusandae quos quis inventore quisquam velit asperiores, vitae? Reprehenderit soluta, eos quod consequuntur itaque. Nam.</p>"}],"workflow_step":{"id":"c199950d-99f0-4983-b711-6c4c91624b22"},"item":{"id":"424b5e9f-3a14-42d5-a2b9-c78fc47d472d"},"language":{"id":"00000000-0000-0000-0000-000000000000"},"last_modified":"2019-06-28T14:14:39.8785731Z"},{"elements":[{"element":{"id":"6bb04cd9-fe52-4afd-8f4b-f02d3ecc3fa8"},"value":"fa-facebook-f"},{"element":{"id":"ae6edd7d-d974-4c11-8c23-afc7eaaaa968"},"value":"#"},{"element":{"id":"eea59217-9827-4d43-b78a-3b89ffdd1358"},"value":""}],"workflow_step":{"id":"c199950d-99f0-4983-b711-6c4c91624b22"},"item":{"id":"c632f2f7-8c0a-4d09-a3c0-cb0d7b05090b"},"language":{"id":"00000000-0000-0000-0000-000000000000"},"last_modified":"2019-06-30T09:02:45.1997205Z"},{"elements":[{"element":{"id":"6bb04cd9-fe52-4afd-8f4b-f02d3ecc3fa8"},"value":"fa-twitter"},{"element":{"id":"ae6edd7d-d974-4c11-8c23-afc7eaaaa968"},"value":"#"},{"element":{"id":"eea59217-9827-4d43-b78a-3b89ffdd1358"},"value":""}],"workflow_step":{"id":"c199950d-99f0-4983-b711-6c4c91624b22"},"item":{"id":"641fc571-a83b-48f2-a565-4ff578495fcb"},"language":{"id":"00000000-0000-0000-0000-000000000000"},"last_modified":"2019-06-28T18:11:50.093367Z"},{"elements":[{"element":{"id":"6bb04cd9-fe52-4afd-8f4b-f02d3ecc3fa8"},"value":"fa-linkedin-in"},{"element":{"id":"ae6edd7d-d974-4c11-8c23-afc7eaaaa968"},"value":"#"},{"element":{"id":"eea59217-9827-4d43-b78a-3b89ffdd1358"},"value":""}],"workflow_step":{"id":"c199950d-99f0-4983-b711-6c4c91624b22"},"item":{"id":"e5520d73-c11e-402c-995f-7c0f3ded56e4"},"language":{"id":"00000000-0000-0000-0000-000000000000"},"last_modified":"2019-06-28T18:12:25.6201719Z"},{"elements":[{"element":{"id":"6bb04cd9-fe52-4afd-8f4b-f02d3ecc3fa8"},"value":"fa-dribbble"},{"element":{"id":"ae6edd7d-d974-4c11-8c23-afc7eaaaa968"},"value":"#"},{"element":{"id":"eea59217-9827-4d43-b78a-3b89ffdd1358"},"value":""}],"workflow_step":{"id":"c199950d-99f0-4983-b711-6c4c91624b22"},"item":{"id":"507cb659-1b48-45d0-8ebb-7462767799e2"},"language":{"id":"00000000-0000-0000-0000-000000000000"},"last_modified":"2019-06-28T18:13:11.270201Z"},{"elements":[{"element":{"id":"6bb04cd9-fe52-4afd-8f4b-f02d3ecc3fa8"},"value":"fa-download"},{"element":{"id":"ae6edd7d-d974-4c11-8c23-afc7eaaaa968"},"value":"https://startbootstrap.com/themes/freelancer/"},{"element":{"id":"eea59217-9827-4d43-b78a-3b89ffdd1358"},"value":"Free Download!"}],"workflow_step":{"id":"c199950d-99f0-4983-b711-6c4c91624b22"},"item":{"id":"47e6983a-c796-4416-9b61-7d838885471a"},"language":{"id":"00000000-0000-0000-0000-000000000000"},"last_modified":"2019-06-30T09:11:43.741555Z"}]