[{"itemCodename":"about","itemId":"3d91448c-dd5d-4272-a948-24fa557fd250","languageCodename":"default","elements":[{"value":"About","elementCodename":"title","elementModel":{"codename":"title","type":"text","name":"Title","options":[]}}]},{"itemCodename":"circus_tent","itemId":"683f2b9b-ee0f-4736-b5c5-ce86abccf355","languageCodename":"default","elements":[{"value":[{"name":"circus.png","description":null,"type":"image/png","size":27984,"url":"https://assets-eu-01.kc-usercontent.com:443/a9b221f5-7375-01af-4d91-67a87cb4e991/b938f4eb-e3dd-4410-82dc-c0dcba8f886e/circus.png","width":900,"height":650}],"elementCodename":"image","elementModel":{"codename":"image","type":"asset","name":"Image","options":[]}},{"value":"Circus Tent","elementCodename":"title","elementModel":{"codename":"title","type":"text","name":"Title","options":[]}},{"value":"<p>Lorem ipsum dolor sit amet, consectetur adipisicing elit. Mollitia neque assumenda ipsam nihil, molestias magnam, recusandae quos quis inventore quisquam velit asperiores, vitae? Reprehenderit soluta, eos quod consequuntur itaque. Nam.</p>","elementCodename":"text","elementModel":{"codename":"text","type":"rich_text","name":"Text","options":[]}}]},{"itemCodename":"contact","itemId":"40581c7d-2bbc-4ac0-a58d-93bb908292b1","languageCodename":"default","elements":[{"value":"Contact","elementCodename":"title","elementModel":{"codename":"title","type":"text","name":"Title","options":[]}}]},{"itemCodename":"controller","itemId":"772ff7dd-d108-4784-9dc0-fce35853e1e6","languageCodename":"default","elements":[{"value":[{"name":"game.png","description":null,"type":"image/png","size":25896,"url":"https://assets-eu-01.kc-usercontent.com:443/a9b221f5-7375-01af-4d91-67a87cb4e991/7da1d875-2f44-4b45-9499-18befabbdb2c/game.png","width":900,"height":650}],"elementCodename":"image","elementModel":{"codename":"image","type":"asset","name":"Image","options":[]}},{"value":"Controller","elementCodename":"title","elementModel":{"codename":"title","type":"text","name":"Title","options":[]}},{"value":"<p>Lorem ipsum dolor sit amet, consectetur adipisicing elit. Mollitia neque assumenda ipsam nihil, molestias magnam, recusandae quos quis inventore quisquam velit asperiores, vitae? Reprehenderit soluta, eos quod consequuntur itaque. Nam.</p>","elementCodename":"text","elementModel":{"codename":"text","type":"rich_text","name":"Text","options":[]}}]},{"itemCodename":"facebook","itemId":"c632f2f7-8c0a-4d09-a3c0-cb0d7b05090b","languageCodename":"default","elements":[{"value":"fa-facebook-f","elementCodename":"fa_codename","elementModel":{"codename":"fa_codename","type":"text","name":"FA Codename","options":[]}},{"value":"#","elementCodename":"url","elementModel":{"codename":"url","type":"text","name":"URL","options":[]}},{"value":"","elementCodename":"text","elementModel":{"codename":"text","type":"text","name":"Text","options":[]}}]},{"itemCodename":"free_download","itemId":"47e6983a-c796-4416-9b61-7d838885471a","languageCodename":"default","elements":[{"value":"fa-download","elementCodename":"fa_codename","elementModel":{"codename":"fa_codename","type":"text","name":"FA Codename","options":[]}},{"value":"https://startbootstrap.com/themes/freelancer/","elementCodename":"url","elementModel":{"codename":"url","type":"text","name":"URL","options":[]}},{"value":"Free Download!","elementCodename":"text","elementModel":{"codename":"text","type":"text","name":"Text","options":[]}}]},{"itemCodename":"home","itemId":"69ff55b1-d30e-49e4-a2d7-bc10d454e627","languageCodename":"default","elements":[{"value":"Start Bootstrap","elementCodename":"site_title","elementModel":{"codename":"site_title","type":"text","name":"Site Title","options":[]}},{"value":[{"name":"avataaars.svg","description":null,"type":"image/svg+xml","size":13055,"url":"https://assets-eu-01.kc-usercontent.com:443/a9b221f5-7375-01af-4d91-67a87cb4e991/15fd18a4-b939-4691-9571-472270c982a6/avataaars.svg"}],"elementCodename":"avatar","elementModel":{"codename":"avatar","type":"asset","name":"Avatar","options":[]}},{"value":["portfolio","about","contact"],"elementCodename":"navigation","elementModel":{"codename":"navigation","type":"modular_content","name":"Navigation","options":[]}},{"value":"Graphic Artist - Web Designer - Illustrator","elementCodename":"header_subtitle","elementModel":{"codename":"header_subtitle","type":"text","name":"Header Subtitle","options":[]}},{"value":"Copyright © Your Website 2019","elementCodename":"site_copyright_note","elementModel":{"codename":"site_copyright_note","type":"text","name":"Site Copyright Note","options":[]}},{"value":"Portfolio","elementCodename":"portfolio_title","elementModel":{"codename":"portfolio_title","type":"text","name":"Portfolio Title","options":[]}},{"value":["log_cabin","tasty_cake","circus_tent","controller","locked_safe","submarine"],"elementCodename":"portfolio_items","elementModel":{"codename":"portfolio_items","type":"modular_content","name":"Portfolio Items","options":[]}},{"value":"About","elementCodename":"about_title","elementModel":{"codename":"about_title","type":"text","name":"About Title","options":[]}},{"value":"Freelancer is a free bootstrap theme created by Start Bootstrap. The download includes the complete source files including HTML, CSS, and JavaScript as well as optional SASS stylesheets for easy customization.","elementCodename":"about_left_column","elementModel":{"codename":"about_left_column","type":"text","name":"About Left Column","options":[]}},{"value":"You can create your own custom avatar for the masthead, change the icon in the dividers, and add your email address to the contact form to make it fully functional!","elementCodename":"about_right_column","elementModel":{"codename":"about_right_column","type":"text","name":"About Right Column","options":[]}},{"value":["free_download"],"elementCodename":"about_button","elementModel":{"codename":"about_button","type":"modular_content","name":"About Button","options":[]}},{"value":"Contact Me","elementCodename":"contact_title","elementModel":{"codename":"contact_title","type":"text","name":"Contact Title","options":[]}},{"value":"Send","elementCodename":"contact_button_text","elementModel":{"codename":"contact_button_text","type":"text","name":"Contact Button text","options":[]}},{"value":"Location","elementCodename":"footer_left_column_title","elementModel":{"codename":"footer_left_column_title","type":"text","name":"Footer Left Column Title","options":[]}},{"value":"<p>2215 John Daniel Drive&nbsp;</p>\n<p>Clark, MO 65243</p>","elementCodename":"footer_left_column_text","elementModel":{"codename":"footer_left_column_text","type":"rich_text","name":"Footer Left Column Text","options":[]}},{"value":"Around the Web","elementCodename":"footer_middle_column_title","elementModel":{"codename":"footer_middle_column_title","type":"text","name":"Footer Middle Column Title","options":[]}},{"value":["facebook","twitter","linkedin","web"],"elementCodename":"footer_middle_column_links","elementModel":{"codename":"footer_middle_column_links","type":"modular_content","name":"Footer Middle Column Links","options":[]}},{"value":"About Freelancer","elementCodename":"footer_right_column_title","elementModel":{"codename":"footer_right_column_title","type":"text","name":"Footer Right Column Title","options":[]}},{"value":"<p>Freelance is a free to use, MIT licensed Bootstrap theme created by&nbsp;<a href=\"http://startbootstrap.com/\">Start Bootstrap</a>.</p>","elementCodename":"footer_right_column_text","elementModel":{"codename":"footer_right_column_text","type":"rich_text","name":"Footer Right Column Text","options":[]}}]},{"itemCodename":"portfolio","itemId":"ba62a8d7-62e5-4924-bee2-f4ccdf5b7757","languageCodename":"default","elements":[{"value":"Portfolio","elementCodename":"title","elementModel":{"codename":"title","type":"text","name":"Title","options":[]}}]},{"itemCodename":"log_cabin","itemId":"a3d52422-9b95-47de-b322-ce2379a5861f","languageCodename":"default","elements":[{"value":[{"name":"cabin.png","description":null,"type":"image/png","size":36514,"url":"https://assets-eu-01.kc-usercontent.com:443/a9b221f5-7375-01af-4d91-67a87cb4e991/16bec102-1a6e-4f14-8e7b-08d6aff2923c/cabin.png","width":900,"height":650}],"elementCodename":"image","elementModel":{"codename":"image","type":"asset","name":"Image","options":[]}},{"value":"Log Cabin","elementCodename":"title","elementModel":{"codename":"title","type":"text","name":"Title","options":[]}},{"value":"<p>Lorem ipsum dolor sit amet, consectetur adipisicing elit. Mollitia neque assumenda ipsam nihil, molestias magnam, recusandae quos quis inventore quisquam velit asperiores, vitae? Reprehenderit soluta, eos quod consequuntur itaque. Nam.</p>","elementCodename":"text","elementModel":{"codename":"text","type":"rich_text","name":"Text","options":[]}}]},{"itemCodename":"tasty_cake","itemId":"d2ca66f3-ae80-430a-a536-d1c4ecb555c4","languageCodename":"default","elements":[{"value":[{"name":"cake.png","description":null,"type":"image/png","size":17068,"url":"https://assets-eu-01.kc-usercontent.com:443/a9b221f5-7375-01af-4d91-67a87cb4e991/70ae9fec-ae3f-4030-896b-01cf57c7d21d/cake.png","width":900,"height":650}],"elementCodename":"image","elementModel":{"codename":"image","type":"asset","name":"Image","options":[]}},{"value":"Tasty Cake","elementCodename":"title","elementModel":{"codename":"title","type":"text","name":"Title","options":[]}},{"value":"<p>Lorem ipsum dolor sit amet, consectetur adipisicing elit. Mollitia neque assumenda ipsam nihil, molestias magnam, recusandae quos quis inventore quisquam velit asperiores, vitae? Reprehenderit soluta, eos quod consequuntur itaque. Nam.</p>","elementCodename":"text","elementModel":{"codename":"text","type":"rich_text","name":"Text","options":[]}}]},{"itemCodename":"locked_safe","itemId":"f483eaec-120d-43c6-9544-985b816918d0","languageCodename":"default","elements":[{"value":[{"name":"safe.png","description":null,"type":"image/png","size":19240,"url":"https://assets-eu-01.kc-usercontent.com:443/a9b221f5-7375-01af-4d91-67a87cb4e991/4a77f0ed-e7d5-4276-a433-4c6d4956f31b/safe.png","width":900,"height":650}],"elementCodename":"image","elementModel":{"codename":"image","type":"asset","name":"Image","options":[]}},{"value":"Locked Safe","elementCodename":"title","elementModel":{"codename":"title","type":"text","name":"Title","options":[]}},{"value":"<p>Lorem ipsum dolor sit amet, consectetur adipisicing elit. Mollitia neque assumenda ipsam nihil, molestias magnam, recusandae quos quis inventore quisquam velit asperiores, vitae? Reprehenderit soluta, eos quod consequuntur itaque. Nam.</p>","elementCodename":"text","elementModel":{"codename":"text","type":"rich_text","name":"Text","options":[]}}]},{"itemCodename":"submarine","itemId":"424b5e9f-3a14-42d5-a2b9-c78fc47d472d","languageCodename":"default","elements":[{"value":[{"name":"submarine.png","description":null,"type":"image/png","size":24330,"url":"https://assets-eu-01.kc-usercontent.com:443/a9b221f5-7375-01af-4d91-67a87cb4e991/d3ecbc1e-413d-49e9-be85-2c3bcc4643df/submarine.png","width":900,"height":650}],"elementCodename":"image","elementModel":{"codename":"image","type":"asset","name":"Image","options":[]}},{"value":"Submarine","elementCodename":"title","elementModel":{"codename":"title","type":"text","name":"Title","options":[]}},{"value":"<p>Lorem ipsum dolor sit amet, consectetur adipisicing elit. Mollitia neque assumenda ipsam nihil, molestias magnam, recusandae quos quis inventore quisquam velit asperiores, vitae? Reprehenderit soluta, eos quod consequuntur itaque. Nam.</p>","elementCodename":"text","elementModel":{"codename":"text","type":"rich_text","name":"Text","options":[]}}]},{"itemCodename":"twitter","itemId":"641fc571-a83b-48f2-a565-4ff578495fcb","languageCodename":"default","elements":[{"value":"fa-twitter","elementCodename":"fa_codename","elementModel":{"codename":"fa_codename","type":"text","name":"FA Codename","options":[]}},{"value":"#","elementCodename":"url","elementModel":{"codename":"url","type":"text","name":"URL","options":[]}},{"value":"","elementCodename":"text","elementModel":{"codename":"text","type":"text","name":"Text","options":[]}}]},{"itemCodename":"linkedin","itemId":"e5520d73-c11e-402c-995f-7c0f3ded56e4","languageCodename":"default","elements":[{"value":"fa-linkedin-in","elementCodename":"fa_codename","elementModel":{"codename":"fa_codename","type":"text","name":"FA Codename","options":[]}},{"value":"#","elementCodename":"url","elementModel":{"codename":"url","type":"text","name":"URL","options":[]}},{"value":"","elementCodename":"text","elementModel":{"codename":"text","type":"text","name":"Text","options":[]}}]},{"itemCodename":"web","itemId":"507cb659-1b48-45d0-8ebb-7462767799e2","languageCodename":"default","elements":[{"value":"fa-dribbble","elementCodename":"fa_codename","elementModel":{"codename":"fa_codename","type":"text","name":"FA Codename","options":[]}},{"value":"#","elementCodename":"url","elementModel":{"codename":"url","type":"text","name":"URL","options":[]}},{"value":"","elementCodename":"text","elementModel":{"codename":"text","type":"text","name":"Text","options":[]}}]}]